Вещество,IUR ((мкг/м³)^-1),Конц. в сигаретах (мкг/100 мл),Конц. в HTP (мкг/100 мл),Источник
1,3-бутадиен,1.7e-4,15.8,0.03,OEHHA
Ацетальдегид,2.7e-6,285.5,16.7,OEHHA
Акрилонитрил,2.9e-4,4.1,0.016,OEHHA
Мышьяк,4.3e-3,0.0022,0.00012,EPA
Бензол,2.9e-5,13.9,0.043,OEHHA
Бензо[а]пирен,1.1e-3,0.0038,0.00008,OEHHA
Кадмий,4.2e-3,0.026,0.000025,OEHHA
Формальдегид,1.3e-5,25.5,0.92,EPA
Никель,2.6e-4,0.0094,0.0022,OEHHA
NNN,4.0e-4,0.071,0.002,OEHHA
4-Аминобифенил,6.0e-3,0.00085,0.000001,OEHHA
2-Аминонафталин,5.1e-4,0.0051,0.000003,OEHHA
Свинец,1.2e-5,0.013,0.0002,OEHHA
